{
  "geometry": {
    "rings":[[[281441.83459999971,1358596.7859000005],[282410.20879999921,1358338.5527999997],[282055.13829999976,1357563.8533999994],[281215.8805999998,1358015.7613999993],[281441.83459999971,1358596.7859000005]]],
    "spatialReference": {"wkid": 3338}
  }
}
